{"packages":[],"notify-batch":"https:\/\/packagist.org\/downloads\/","providers-url":"\/p\/%package%$%hash%.json","metadata-url":"\/p2\/%package%.json","metadata-changes-url":"https:\/\/packagist.org\/metadata\/changes.json","search":"https:\/\/packagist.org\/search.json?q=%query%&type=%type%","list":"https:\/\/packagist.org\/packages\/list.json","security-advisories":{"metadata":true,"api-url":"https:\/\/packagist.org\/api\/security-advisories\/"},"providers-api":"https:\/\/packagist.org\/providers\/%package%.json","warning":"Support for Composer 1 is deprecated and some packages will not be available. You should upgrade to Composer 2. See https:\/\/blog.packagist.com\/deprecating-composer-1-support\/","warning-versions":"<1.99","provider-includes":{"p\/provider-2013$%hash%.json":{"sha256":"62e3f1a2e7c8038b3a7b9af8737e7ee02706134fa563f1e67594cc0e8c157e1b"},"p\/provider-2014$%hash%.json":{"sha256":"dbce6f3ef91148a160607818354170f23e71a728b2c54b78933d274b83d5de15"},"p\/provider-2015$%hash%.json":{"sha256":"35c4bad0c957d0277b5de20fc72cfbaa9f1fcf8c8e40e62e2c4d294cc75ca50c"},"p\/provider-2016$%hash%.json":{"sha256":"eecfe777ae7fe544f4de2468993c8462b9e21a5438b339b6a7e7fc4f7f4abbcf"},"p\/provider-2017$%hash%.json":{"sha256":"388da6d553a6fc380c1bdb707152d1358f823d53ffcea0083b3be4cc7f27f55f"},"p\/provider-2018$%hash%.json":{"sha256":"855818e49528e963da41efa3c2e0107b20da51530d9a352ee496725356974ee1"},"p\/provider-2019$%hash%.json":{"sha256":"eb54c77ef959da854ecdfab12c18b8aee75de97ca4bfd2bf45726ab337ac98fd"},"p\/provider-2020$%hash%.json":{"sha256":"d9410e0da2cc51e737778174d3de879130db0b641f013b4a7e6a41d093163c2f"},"p\/provider-2021$%hash%.json":{"sha256":"df32b0d5f1555e664d2c14900316bfd6570dd8b14afc5aabb137e7ddc5d56cb4"},"p\/provider-2022$%hash%.json":{"sha256":"93d4982f9256a582eddac1548b25f10a35576da4f80c41b67ea39afc000136be"},"p\/provider-2023$%hash%.json":{"sha256":"979a7783f7ea1df8ede067666697d3edfa7ff852fa1dc21829b1d90c9c85c4b8"},"p\/provider-2023-10$%hash%.json":{"sha256":"6e63fe04a707fd3d959f28a70a61265ad042f843e4bbf69618420e178d57b78b"},"p\/provider-2024-01$%hash%.json":{"sha256":"0713a0fd14ef794153bea921e970e599da57af97a7306a03c7dbafdb37df2647"},"p\/provider-2024-04$%hash%.json":{"sha256":"46a660894a5f6bc2ef503b4ff4963792232aeb782c4894382ff60cca665ae739"},"p\/provider-2024-07$%hash%.json":{"sha256":"b97e78f3a60f42389fb0eb9f9894ebdbdd51cd05ef36037c040d6bd5318ccac3"},"p\/provider-archived$%hash%.json":{"sha256":"3bda2852a07fb29c1d3820feb264be0f33ea44583eb21343c6d0ae7804968d67"},"p\/provider-latest$%hash%.json":{"sha256":"c1163a3a3c7d6ae74001d097df0035a93ed55fd0a8c82b785932e89eb23bdba0"}},"last-modified":"Fri, 26 Jul 2024 16:03:46 GMT"}